{
    "$schema": "http://json-schema.org/draft-04/schema#",
    "$id": "https://disocrd.com",
    "title": "Discord Configuration",
    "description": "Defines Discord Strings",
    "type": "object",
    "properties": {
        "clienttoken":{
            "type": "string",
            "description": "This is the main token used to run your bot"
        },
        "clientid":{
            "type": "string",
            "description": "This is the main id used to push commands to your bot"
        },
        "guildid":{
            "type":"string",
            "description": "This defines the guild to push commands to"
        }
    },
    "required": ["clienttoken", "clientid", "guildid"]
}